/*
SQLyog Ultimate v11.33 (64 bit)
MySQL - 5.7.17 : Database - sell
*********************************************************************
*/

/*!40101 SET NAMES utf8 */;

/*!40101 SET SQL_MODE=''*/;

/*!40014 SET @OLD_UNIQUE_CHECKS=@@UNIQUE_CHECKS, UNIQUE_CHECKS=0 */;
/*!40014 SET @OLD_FOREIGN_KEY_CHECKS=@@FOREIGN_KEY_CHECKS, FOREIGN_KEY_CHECKS=0 */;
/*!40101 SET @OLD_SQL_MODE=@@SQL_MODE, SQL_MODE='NO_AUTO_VALUE_ON_ZERO' */;
/*!40111 SET @OLD_SQL_NOTES=@@SQL_NOTES, SQL_NOTES=0 */;
CREATE DATABASE /*!32312 IF NOT EXISTS*/`sell` /*!40100 DEFAULT CHARACTER SET utf8mb4 */;

USE `sell`;

/*Table structure for table `order_detail` */

DROP TABLE IF EXISTS `order_detail`;

CREATE TABLE `order_detail` (
  `detail_id` varchar(32) NOT NULL,
  `order_id` varchar(32) NOT NULL,
  `product_id` varchar(32) NOT NULL,
  `product_name` varchar(64) NOT NULL,
  `product_price` decimal(8,2) NOT NULL,
  `product_quantity` int(11) NOT NULL,
  `product_icon` varchar(512) DEFAULT NULL,
  `create_time` timestamp NOT NULL DEFAULT CURRENT_TIMESTAMP,
  `update_time` timestamp NOT NULL DEFAULT CURRENT_TIMESTAMP ON UPDATE CURRENT_TIMESTAMP,
  PRIMARY KEY (`detail_id`),
  KEY `idx_order_id` (`order_id`)
) ENGINE=InnoDB DEFAULT CHARSET=utf8mb4;

/*Data for the table `order_detail` */

insert  into `order_detail`(`detail_id`,`order_id`,`product_id`,`product_name`,`product_price`,`product_quantity`,`product_icon`,`create_time`,`update_time`) values ('1234567810','11111112','11111112','皮蛋粥','2.20',3,'http://xxxx.jpg','2017-09-16 00:28:58','2017-09-16 00:28:58'),('1234567811','11117112','11111112','皮蛋','5.20',3,'http://xxxx.jpg','2017-09-16 00:30:04','2017-09-16 00:30:04'),('150554230097622515','150554230097633233','123456','皮蛋粥','3.20',1,'http://www.baidu.com.jpg','2017-09-16 03:56:58','2017-09-16 03:56:58'),('150554282251238279','150554210784667252','123456','皮蛋粥','3.20',1,'http://www.baidu.com.jpg','2017-09-16 03:53:28','2017-09-16 08:12:46'),('150554282268065235','150554282268038552','123456','皮蛋粥','3.20',1,'http://www.baidu.com.jpg','2017-09-16 04:06:23','2017-09-16 04:06:23'),('150554314415515336','150554314415566622','123456','皮蛋粥','3.20',1,'http://www.baidu.com.jpg','2017-09-16 04:12:11','2017-09-16 04:12:11'),('150554323387819921','150554323387889485','123456','皮蛋粥','3.20',1,'http://www.baidu.com.jpg','2017-09-16 04:13:48','2017-09-16 04:13:48'),('150554329487723767','150554329487744237','123456','皮蛋粥','3.20',1,'http://www.baidu.com.jpg','2017-09-16 04:14:54','2017-09-16 04:14:54'),('150554379045336821','150554379045361212','123456','皮蛋粥','3.20',1,'http://www.baidu.com.jpg','2017-09-16 04:23:51','2017-09-16 04:23:51'),('150554395573971842','150554395574069643','123456','皮蛋粥','3.20',1,'http://www.baidu.com.jpg','2017-09-16 04:26:50','2017-09-16 04:26:50'),('150554444335371379','150554444335346412','123456','皮蛋粥','3.20',1,'http://www.baidu.com.jpg','2017-09-16 04:35:38','2017-09-16 04:35:38'),('150554465959416114','150554465959574350','123456','皮蛋粥','3.20',1,'http://www.baidu.com.jpg','2017-09-16 04:39:33','2017-09-16 04:39:33'),('150554480512039102','150554480512092185','123456','皮蛋粥','3.20',1,'http://www.baidu.com.jpg','2017-09-16 04:42:10','2017-09-16 04:42:10'),('150555717141471430','150555717141478346','123457','皮皮虾','3.20',1,'http://www.baidu.com.jpg','2017-09-16 08:25:27','2017-09-16 08:25:27'),('150555745496284530','150555745480119478','123457','皮皮虾','3.20',1,'http://www.baidu.com.jpg','2017-09-16 08:30:34','2017-09-16 08:30:34'),('150562142544540471','150562142533123778','123456','皮蛋粥','3.20',2,'http://www.baidu.com.jpg','2017-09-17 05:27:11','2017-09-17 05:27:11'),('150562193260751686','150562193249471944','123456','皮蛋粥','3.20',2,'http://www.baidu.com.jpg','2017-09-17 05:36:20','2017-09-17 05:36:20'),('150562204484559208','150562204484130240','123456','皮蛋粥','3.20',10,'http://www.baidu.com.jpg','2017-09-17 05:38:22','2017-09-17 05:38:22'),('150563079697070143','150563079693215244','123456','皮蛋粥','3.20',10,'http://www.baidu.com.jpg','2017-09-17 06:21:26','2017-09-17 06:21:26'),('150675626985678171','150675626978580846','123456','皮蛋粥','3.20',10,'http://www.baidu.com.jpg','2017-09-30 15:24:30','2017-09-30 15:24:30'),('150686055528743163','150686055526378566','123456','皮蛋粥','3.20',2,'https://ss0.bdstatic.com/94oJfD_bAAcT8t7mm9GUKT-xh_/timg?image&quality=100&size=b4000_4000&sec=1506851549&di=b9171fbc22da43f843b4c3168110acff&src=http://img1.qunarzz.com/travel/d4/1509/f1/22710e549b52b.png','2017-10-01 04:48:15','2017-10-01 04:48:15'),('150686055771511006','150686055771297779','123456','皮蛋粥','3.20',2,'https://ss0.bdstatic.com/94oJfD_bAAcT8t7mm9GUKT-xh_/timg?image&quality=100&size=b4000_4000&sec=1506851549&di=b9171fbc22da43f843b4c3168110acff&src=http://img1.qunarzz.com/travel/d4/1509/f1/22710e549b52b.png','2017-10-01 04:48:18','2017-10-01 04:48:18'),('150686056057970613','150686056057146158','123456','皮蛋粥','3.20',2,'https://ss0.bdstatic.com/94oJfD_bAAcT8t7mm9GUKT-xh_/timg?image&quality=100&size=b4000_4000&sec=1506851549&di=b9171fbc22da43f843b4c3168110acff&src=http://img1.qunarzz.com/travel/d4/1509/f1/22710e549b52b.png','2017-10-01 04:48:21','2017-10-01 10:31:14'),('150693340111237063','150693340108749245','123457','皮皮虾','3.20',1,'https://timgsa.baidu.com/timg?image&quality=80&size=b9999_10000&sec=1506861630727&di=fadf06270551e5560eb46faa0c2912cd&imgtype=0&src=http%3A%2F%2Fpic2.ooopic.com%2F10%2F58%2F02%2F42b1OOOPIC20.jpg','2017-10-01 10:47:08','2017-10-01 10:47:08'),('150693388108915839','150693388108569636','123456','皮蛋粥','3.20',2,'https://ss0.bdstatic.com/94oJfD_bAAcT8t7mm9GUKT-xh_/timg?image&quality=100&size=b4000_4000&sec=1506851549&di=b9171fbc22da43f843b4c3168110acff&src=http://img1.qunarzz.com/travel/d4/1509/f1/22710e549b52b.png','2017-10-01 10:55:48','2017-10-01 10:55:48'),('150693394128154455','150693394127823445','123456','皮蛋粥','3.20',2,'https://ss0.bdstatic.com/94oJfD_bAAcT8t7mm9GUKT-xh_/timg?image&quality=100&size=b4000_4000&sec=1506851549&di=b9171fbc22da43f843b4c3168110acff&src=http://img1.qunarzz.com/travel/d4/1509/f1/22710e549b52b.png','2017-10-01 10:56:53','2017-10-01 10:56:53'),('150693470037733756','150693470036970648','123456','皮蛋粥','3.20',1,'https://ss0.bdstatic.com/94oJfD_bAAcT8t7mm9GUKT-xh_/timg?image&quality=100&size=b4000_4000&sec=1506851549&di=b9171fbc22da43f843b4c3168110acff&src=http://img1.qunarzz.com/travel/d4/1509/f1/22710e549b52b.png','2017-10-01 11:10:35','2017-10-01 11:10:35'),('150693512948710459','150693512948253105','123456','皮蛋粥','0.01',1,'https://ss0.bdstatic.com/94oJfD_bAAcT8t7mm9GUKT-xh_/timg?image&quality=100&size=b4000_4000&sec=1506851549&di=b9171fbc22da43f843b4c3168110acff&src=http://img1.qunarzz.com/travel/d4/1509/f1/22710e549b52b.png','2017-10-01 11:18:20','2017-10-01 11:18:20'),('150693525169240022','150693525168377857','123457','皮皮虾','0.01',1,'https://timgsa.baidu.com/timg?image&quality=80&size=b9999_10000&sec=1506861630727&di=fadf06270551e5560eb46faa0c2912cd&imgtype=0&src=http%3A%2F%2Fpic2.ooopic.com%2F10%2F58%2F02%2F42b1OOOPIC20.jpg','2017-10-01 11:20:33','2017-10-01 11:20:33'),('150693796073764439','150693796070414929','123456','皮蛋粥','0.01',1,'https://ss0.bdstatic.com/94oJfD_bAAcT8t7mm9GUKT-xh_/timg?image&quality=100&size=b4000_4000&sec=1506851549&di=b9171fbc22da43f843b4c3168110acff&src=http://img1.qunarzz.com/travel/d4/1509/f1/22710e549b52b.png','2017-10-01 12:09:28','2017-10-01 12:09:28'),('150693823411699378','150693823409192543','123456','皮蛋粥','0.01',1,'https://ss0.bdstatic.com/94oJfD_bAAcT8t7mm9GUKT-xh_/timg?image&quality=100&size=b4000_4000&sec=1506851549&di=b9171fbc22da43f843b4c3168110acff&src=http://img1.qunarzz.com/travel/d4/1509/f1/22710e549b52b.png','2017-10-01 12:14:24','2017-10-01 12:14:24'),('150693866875815456','150693866873010913','123456','皮蛋粥','0.01',1,'https://ss0.bdstatic.com/94oJfD_bAAcT8t7mm9GUKT-xh_/timg?image&quality=100&size=b4000_4000&sec=1506851549&di=b9171fbc22da43f843b4c3168110acff&src=http://img1.qunarzz.com/travel/d4/1509/f1/22710e549b52b.png','2017-10-01 12:22:15','2017-10-01 12:22:15'),('150693878347835687','150693878345211187','123457','皮皮虾','0.01',1,'https://timgsa.baidu.com/timg?image&quality=80&size=b9999_10000&sec=1506861630727&di=fadf06270551e5560eb46faa0c2912cd&imgtype=0&src=http%3A%2F%2Fpic2.ooopic.com%2F10%2F58%2F02%2F42b1OOOPIC20.jpg','2017-10-01 12:24:19','2017-10-01 12:24:19'),('150693944969352097','150693944966769993','123456','皮蛋粥','0.01',1,'https://ss0.bdstatic.com/94oJfD_bAAcT8t7mm9GUKT-xh_/timg?image&quality=100&size=b4000_4000&sec=1506851549&di=b9171fbc22da43f843b4c3168110acff&src=http://img1.qunarzz.com/travel/d4/1509/f1/22710e549b52b.png','2017-10-01 12:36:21','2017-10-01 12:36:21'),('150694044358465147','150694044355522608','123456','皮蛋粥','0.01',1,'https://ss0.bdstatic.com/94oJfD_bAAcT8t7mm9GUKT-xh_/timg?image&quality=100&size=b4000_4000&sec=1506851549&di=b9171fbc22da43f843b4c3168110acff&src=http://img1.qunarzz.com/travel/d4/1509/f1/22710e549b52b.png','2017-10-01 12:54:17','2017-10-01 12:54:17'),('150694119351163142','150694119346730689','123456','皮蛋粥','0.01',1,'https://ss0.bdstatic.com/94oJfD_bAAcT8t7mm9GUKT-xh_/timg?image&quality=100&size=b4000_4000&sec=1506851549&di=b9171fbc22da43f843b4c3168110acff&src=http://img1.qunarzz.com/travel/d4/1509/f1/22710e549b52b.png','2017-10-01 13:07:50','2017-10-01 13:07:50'),('150694162022873445','150694162017717120','123456','皮蛋粥','0.01',1,'https://ss0.bdstatic.com/94oJfD_bAAcT8t7mm9GUKT-xh_/timg?image&quality=100&size=b4000_4000&sec=1506851549&di=b9171fbc22da43f843b4c3168110acff&src=http://img1.qunarzz.com/travel/d4/1509/f1/22710e549b52b.png','2017-10-01 13:15:32','2017-10-01 13:15:32'),('150694165343250615','150694165342931516','123456','皮蛋粥','0.01',1,'https://ss0.bdstatic.com/94oJfD_bAAcT8t7mm9GUKT-xh_/timg?image&quality=100&size=b4000_4000&sec=1506851549&di=b9171fbc22da43f843b4c3168110acff&src=http://img1.qunarzz.com/travel/d4/1509/f1/22710e549b52b.png','2017-10-01 13:16:08','2017-10-01 13:16:08'),('150694666789458075','150694666786736036','123456','皮蛋粥','0.01',1,'https://ss0.bdstatic.com/94oJfD_bAAcT8t7mm9GUKT-xh_/timg?image&quality=100&size=b4000_4000&sec=1506851549&di=b9171fbc22da43f843b4c3168110acff&src=http://img1.qunarzz.com/travel/d4/1509/f1/22710e549b52b.png','2017-10-01 14:46:40','2017-10-01 14:46:40'),('150694693133914342','150694693131454056','123457','皮皮虾','0.01',1,'https://timgsa.baidu.com/timg?image&quality=80&size=b9999_10000&sec=1506861630727&di=fadf06270551e5560eb46faa0c2912cd&imgtype=0&src=http%3A%2F%2Fpic2.ooopic.com%2F10%2F58%2F02%2F42b1OOOPIC20.jpg','2017-10-01 14:51:26','2017-10-01 14:51:26'),('150694718414996521','150694718414443411','123456','皮蛋粥','0.01',1,'https://ss0.bdstatic.com/94oJfD_bAAcT8t7mm9GUKT-xh_/timg?image&quality=100&size=b4000_4000&sec=1506851549&di=b9171fbc22da43f843b4c3168110acff&src=http://img1.qunarzz.com/travel/d4/1509/f1/22710e549b52b.png','2017-10-01 14:56:00','2017-10-01 14:56:00'),('150694789096310429','150694789093717363','123456','皮蛋粥','0.01',1,'https://ss0.bdstatic.com/94oJfD_bAAcT8t7mm9GUKT-xh_/timg?image&quality=100&size=b4000_4000&sec=1506851549&di=b9171fbc22da43f843b4c3168110acff&src=http://img1.qunarzz.com/travel/d4/1509/f1/22710e549b52b.png','2017-10-01 15:08:45','2017-10-01 15:08:45'),('150694836969437227','150694836969157202','123456','皮蛋粥','0.01',1,'https://ss0.bdstatic.com/94oJfD_bAAcT8t7mm9GUKT-xh_/timg?image&quality=100&size=b4000_4000&sec=1506851549&di=b9171fbc22da43f843b4c3168110acff&src=http://img1.qunarzz.com/travel/d4/1509/f1/22710e549b52b.png','2017-10-01 15:17:24','2017-10-01 15:17:24'),('150695044373820208','150695044371665708','123456','皮蛋粥','0.01',1,'https://ss0.bdstatic.com/94oJfD_bAAcT8t7mm9GUKT-xh_/timg?image&quality=100&size=b4000_4000&sec=1506851549&di=b9171fbc22da43f843b4c3168110acff&src=http://img1.qunarzz.com/travel/d4/1509/f1/22710e549b52b.png','2017-10-01 15:54:51','2017-10-01 15:54:51'),('150702275877761154','150702275877245096','123456','皮蛋粥','0.01',1,'https://ss0.bdstatic.com/94oJfD_bAAcT8t7mm9GUKT-xh_/timg?image&quality=100&size=b4000_4000&sec=1506851549&di=b9171fbc22da43f843b4c3168110acff&src=http://img1.qunarzz.com/travel/d4/1509/f1/22710e549b52b.png','2017-10-03 05:11:37','2017-10-03 05:11:37'),('150702291864326872','150702291863973405','123456','皮蛋粥','0.01',1,'https://ss0.bdstatic.com/94oJfD_bAAcT8t7mm9GUKT-xh_/timg?image&quality=100&size=b4000_4000&sec=1506851549&di=b9171fbc22da43f843b4c3168110acff&src=http://img1.qunarzz.com/travel/d4/1509/f1/22710e549b52b.png','2017-10-03 05:14:30','2017-10-03 05:14:30'),('150712757249939189','150712757247460257','123457','皮皮虾','0.01',1,'https://timgsa.baidu.com/timg?image&quality=80&size=b9999_10000&sec=1506861630727&di=fadf06270551e5560eb46faa0c2912cd&imgtype=0&src=http%3A%2F%2Fpic2.ooopic.com%2F10%2F58%2F02%2F42b1OOOPIC20.jpg','2017-10-04 02:39:43','2017-10-04 02:39:43'),('150721313088294172','150721313085750258','123456','皮蛋粥','0.01',1,'https://ss0.bdstatic.com/94oJfD_bAAcT8t7mm9GUKT-xh_/timg?image&quality=100&size=b4000_4000&sec=1506851549&di=b9171fbc22da43f843b4c3168110acff&src=http://img1.qunarzz.com/travel/d4/1509/f1/22710e549b52b.png','2017-10-05 04:15:27','2017-10-05 04:15:27'),('150721326114579494','150721326113727929','123456','皮蛋粥','0.01',1,'https://ss0.bdstatic.com/94oJfD_bAAcT8t7mm9GUKT-xh_/timg?image&quality=100&size=b4000_4000&sec=1506851549&di=b9171fbc22da43f843b4c3168110acff&src=http://img1.qunarzz.com/travel/d4/1509/f1/22710e549b52b.png','2017-10-05 04:17:47','2017-10-05 04:17:47'),('150721433207020353','150721433206796883','123456','皮蛋粥','0.01',1,'https://ss0.bdstatic.com/94oJfD_bAAcT8t7mm9GUKT-xh_/timg?image&quality=100&size=b4000_4000&sec=1506851549&di=b9171fbc22da43f843b4c3168110acff&src=http://img1.qunarzz.com/travel/d4/1509/f1/22710e549b52b.png','2017-10-05 04:37:08','2017-10-05 04:37:08'),('150721437162266099','150721437161976386','123456','皮蛋粥','0.01',1,'https://ss0.bdstatic.com/94oJfD_bAAcT8t7mm9GUKT-xh_/timg?image&quality=100&size=b4000_4000&sec=1506851549&di=b9171fbc22da43f843b4c3168110acff&src=http://img1.qunarzz.com/travel/d4/1509/f1/22710e549b52b.png','2017-10-05 04:37:50','2017-10-05 04:37:50'),('150721508479798750','150721508479461305','123456','皮蛋粥','0.01',1,'https://ss0.bdstatic.com/94oJfD_bAAcT8t7mm9GUKT-xh_/timg?image&quality=100&size=b4000_4000&sec=1506851549&di=b9171fbc22da43f843b4c3168110acff&src=http://img1.qunarzz.com/travel/d4/1509/f1/22710e549b52b.png','2017-10-05 04:50:43','2017-10-05 04:50:43'),('150721513209467669','150721513208834739','123456','皮蛋粥','0.01',1,'https://ss0.bdstatic.com/94oJfD_bAAcT8t7mm9GUKT-xh_/timg?image&quality=100&size=b4000_4000&sec=1506851549&di=b9171fbc22da43f843b4c3168110acff&src=http://img1.qunarzz.com/travel/d4/1509/f1/22710e549b52b.png','2017-10-05 04:51:34','2017-10-05 04:51:34'),('150721640118554621','150721640104099345','123456','皮蛋粥','0.01',2,'https://ss0.bdstatic.com/94oJfD_bAAcT8t7mm9GUKT-xh_/timg?image&quality=100&size=b4000_4000&sec=1506851549&di=b9171fbc22da43f843b4c3168110acff&src=http://img1.qunarzz.com/travel/d4/1509/f1/22710e549b52b.png','2017-10-05 05:14:29','2017-10-05 05:14:29'),('150804734862066709','150804734859966401','123456','皮蛋粥','0.02',1,'https://ss0.bdstatic.com/94oJfD_bAAcT8t7mm9GUKT-xh_/timg?image&quality=100&size=b4000_4000&sec=1506851549&di=b9171fbc22da43f843b4c3168110acff&src=http://img1.qunarzz.com/travel/d4/1509/f1/22710e549b52b.png','2017-10-15 14:02:27','2017-10-15 14:02:27'),('150804770451413875','150804770451062240','123457','皮皮虾','0.01',1,'https://timgsa.baidu.com/timg?image&quality=80&size=b9999_10000&sec=1506861630727&di=fadf06270551e5560eb46faa0c2912cd&imgtype=0&src=http%3A%2F%2Fpic2.ooopic.com%2F10%2F58%2F02%2F42b1OOOPIC20.jpg','2017-10-15 14:08:23','2017-10-15 14:08:23');

/*Table structure for table `order_master` */

DROP TABLE IF EXISTS `order_master`;

CREATE TABLE `order_master` (
  `order_id` varchar(32) NOT NULL,
  `buyer_name` varchar(32) NOT NULL,
  `buyer_phone` varchar(32) NOT NULL,
  `buyer_address` varchar(128) NOT NULL,
  `buyer_openid` varchar(64) NOT NULL,
  `order_amount` decimal(8,2) DEFAULT NULL,
  `order_status` tinyint(3) NOT NULL DEFAULT '0',
  `pay_status` tinyint(3) NOT NULL DEFAULT '0',
  `create_time` timestamp NOT NULL DEFAULT CURRENT_TIMESTAMP,
  `update_time` timestamp NOT NULL DEFAULT CURRENT_TIMESTAMP ON UPDATE CURRENT_TIMESTAMP,
  PRIMARY KEY (`order_id`),
  KEY `idx_buyer_openid` (`buyer_openid`)
) ENGINE=InnoDB DEFAULT CHARSET=utf8mb4;

/*Data for the table `order_master` */

insert  into `order_master`(`order_id`,`buyer_name`,`buyer_phone`,`buyer_address`,`buyer_openid`,`order_amount`,`order_status`,`pay_status`,`create_time`,`update_time`) values ('1234567','八戒','12345678912','北京大学','110110','2.80',0,0,'2017-09-16 00:19:19','2017-09-16 00:19:19'),('1234568','八戒','12345678912','北京大学','110110','2.80',0,0,'2017-09-16 00:25:20','2017-09-16 00:25:20'),('150554282251238279','李丹','12345678912','慕课','110110','3.20',0,0,'2017-09-16 04:06:23','2017-09-16 04:06:23'),('150554314401844291','李丹','12345678912','慕课','110110','3.20',0,0,'2017-09-16 04:12:11','2017-09-16 04:12:11'),('150554323374975811','李丹','12345678912','慕课','110110','3.20',0,0,'2017-09-16 04:13:48','2017-09-16 04:13:48'),('150554329475925497','李丹','12345678912','慕课','110110','3.20',0,0,'2017-09-16 04:14:54','2017-09-16 04:14:54'),('150554378949214788','李丹','12345678912','慕课','110110','3.20',0,0,'2017-09-16 04:23:51','2017-09-16 04:23:51'),('150554395558667063','李丹','12345678912','慕课','110110','3.20',0,0,'2017-09-16 04:26:50','2017-09-16 04:26:50'),('150554444320955950','李丹','12345678912','慕课','110110','3.20',0,0,'2017-09-16 04:35:38','2017-09-16 04:35:38'),('150554465945138004','李丹','12345678912','慕课','110110','3.20',0,0,'2017-09-16 04:39:33','2017-09-16 04:39:33'),('150554480499518418','李丹','12345678912','慕课','110110','3.20',0,0,'2017-09-16 04:42:10','2017-09-16 04:42:10'),('150555717124011950','测试测试','12345678912','慕课','110110','3.20',0,0,'2017-09-16 08:25:27','2017-09-16 08:25:27'),('150555745480119478','测试测试2','12345678912','慕课','110110','3.20',1,1,'2017-09-16 08:30:34','2017-09-17 03:16:59'),('150562142533123778','张三','158011131139','北京大学西门','123','6.40',0,0,'2017-09-17 05:27:11','2017-09-17 05:27:11'),('150562193249471944','张三','158011131139','北京大学西门','123','6.40',1,0,'2017-09-17 05:36:20','2017-10-03 05:20:14'),('150562204484130240','张三','158011131139','北京大学西门','123','32.00',2,0,'2017-09-17 05:38:22','2017-09-17 07:15:43'),('150563079693215244','测试时间','158011131139','北京大学西门','123','32.00',0,0,'2017-09-17 06:21:26','2017-09-17 06:21:26'),('150675626978580846','测试时间','158011131139','北京大学西门','123','32.00',0,0,'2017-09-30 15:24:30','2017-09-30 15:24:30'),('150686055526378566','健健康康','15801113139','tu tu t','of9b-1UMe3a7s8DmMNSjwSVUhZQo','6.40',0,0,'2017-10-01 04:48:15','2017-10-01 04:48:15'),('150686055771297779','健健康康','15801113139','tu tu t','oTgZpwRq9r_xvXj9Xu0VrnvXzJDQ','6.40',0,0,'2017-10-01 04:48:18','2017-10-01 10:13:11'),('150686056057146158','健健康康','15801113139','tu tu t','oTgZpwRq9r_xvXj9Xu0VrnvXzJDQ','0.01',0,0,'2017-10-01 04:48:21','2017-10-01 10:29:05'),('150693340108749245','dasdf','15801113139','ldkajdl','123','3.20',0,0,'2017-10-01 10:47:08','2017-10-01 10:47:08'),('150693388108569636','dfsadf','dsfas','sddfa','123','6.40',0,0,'2017-10-01 10:55:48','2017-10-01 10:55:48'),('150693394127823445','dfdsadf','dsfawdf','sdafasdf','oTgZpwRq9r_xvXj9Xu0VrnvXzJDQ','6.40',0,0,'2017-10-01 10:56:53','2017-10-01 10:56:53'),('150693470036970648','段鹏阳','15801113139','，a zhui o','oTgZpwRq9r_xvXj9Xu0VrnvXzJDQ','3.20',0,0,'2017-10-01 11:10:35','2017-10-01 11:10:35'),('150693512948253105','测试段','zsling','我要随意','oTgZpwRq9r_xvXj9Xu0VrnvXzJDQ','0.01',0,0,'2017-10-01 11:18:20','2017-10-01 11:18:20'),('150693525168377857','段陪你玩','我故事','这破会','oTgZpwRq9r_xvXj9Xu0VrnvXzJDQ','0.01',0,0,'2017-10-01 11:20:33','2017-10-01 11:20:33'),('150693796070414929','段鹏阳','15801113139','天安门','oTgZpwRq9r_xvXj9Xu0VrnvXzJDQ','0.01',0,0,'2017-10-01 12:09:28','2017-10-01 12:09:28'),('150693823409192543','段鹏阳','Mr 名','这破功','oTgZpwRq9r_xvXj9Xu0VrnvXzJDQ','0.01',0,0,'2017-10-01 12:14:24','2017-10-01 12:14:24'),('150693866873010913','测试','测试','测试','oTgZpwRq9r_xvXj9Xu0VrnvXzJDQ','0.01',0,0,'2017-10-01 12:22:15','2017-10-01 12:22:15'),('150693878345211187','测试','测试','测试','oTgZpwRq9r_xvXj9Xu0VrnvXzJDQ','0.01',2,0,'2017-10-01 12:24:19','2017-10-03 04:44:54'),('150693944966769993','测试','测试','测试','oTgZpwRq9r_xvXj9Xu0VrnvXzJDQ','0.01',2,1,'2017-10-01 12:36:21','2017-10-03 04:49:01'),('150694044355522608','段鹏阳','15801113139','河南省','oTgZpwRq9r_xvXj9Xu0VrnvXzJDQ','0.01',2,1,'2017-10-01 12:54:17','2017-10-03 03:44:59'),('150694119346730689','段鹏阳','牛股','纽约','oTgZpwRq9r_xvXj9Xu0VrnvXzJDQ','0.01',0,1,'2017-10-01 13:07:50','2017-10-01 15:23:04'),('150694162017717120','段鹏阳','15801113139','广州','oTgZpwRq9r_xvXj9Xu0VrnvXzJDQ','0.01',0,0,'2017-10-01 13:15:32','2017-10-01 13:15:32'),('150694165342931516','段鹏阳','15801113139','长垣','oTgZpwRq9r_xvXj9Xu0VrnvXzJDQ','0.01',0,1,'2017-10-01 13:16:08','2017-10-01 14:58:55'),('150694666786736036','测试','测试','韩占村','oTgZpwRq9r_xvXj9Xu0VrnvXzJDQ','0.01',0,1,'2017-10-01 14:46:40','2017-10-01 14:47:44'),('150694693131454056','段鹏阳','健健康康','健健康康','oTgZpwRq9r_xvXj9Xu0VrnvXzJDQ','0.01',1,0,'2017-10-01 14:51:26','2017-10-03 05:08:23'),('150694718414443411','看了看','经历了','经历','oTgZpwRq9r_xvXj9Xu0VrnvXzJDQ','0.01',2,1,'2017-10-01 14:56:00','2017-10-03 03:44:50'),('150694789093717363','段鹏阳','15801113139','Mr Mr 你玩','oTgZpwRq9r_xvXj9Xu0VrnvXzJDQ','0.01',2,1,'2017-10-01 15:08:45','2017-10-03 04:39:21'),('150694836969157202','得到','来咯哦','噜啦啦啦','oTgZpwRq9r_xvXj9Xu0VrnvXzJDQ','0.01',2,1,'2017-10-01 15:17:24','2017-10-03 03:34:44'),('150695044371665708','醉后','最后','最后','oTgZpwRq9r_xvXj9Xu0VrnvXzJDQ','0.01',2,1,'2017-10-01 15:54:51','2017-10-03 03:32:58'),('150702275877245096','测试完结','测试完结','测试完结','oTgZpwRq9r_xvXj9Xu0VrnvXzJDQ','0.01',0,0,'2017-10-03 05:11:37','2017-10-03 05:11:37'),('150702291863973405','测试完结','测试完结','测试完结','oTgZpwRq9r_xvXj9Xu0VrnvXzJDQ','0.01',1,1,'2017-10-03 05:14:30','2017-10-03 05:18:02'),('150712757247460257','段鹏阳','15801113139','河南','oTgZpwRq9r_xvXj9Xu0VrnvXzJDQ','0.01',0,0,'2017-10-04 02:39:43','2017-10-04 02:39:43'),('150721313085750258','段鹏阳','15801113139','河南','oTgZpwRq9r_xvXj9Xu0VrnvXzJDQ','0.01',0,0,'2017-10-05 04:15:27','2017-10-05 04:15:27'),('150721326113727929','叵测了','经历了','经历了','oTgZpwRq9r_xvXj9Xu0VrnvXzJDQ','0.01',0,0,'2017-10-05 04:17:47','2017-10-05 04:17:47'),('150721433206796883','测试','测试','测试','oTgZpwRq9r_xvXj9Xu0VrnvXzJDQ','0.01',0,0,'2017-10-05 04:37:08','2017-10-05 04:37:08'),('150721437161976386','测试','测试','测试','oTgZpwRq9r_xvXj9Xu0VrnvXzJDQ','0.01',0,0,'2017-10-05 04:37:50','2017-10-05 04:37:50'),('150721508479461305','测试','测试','测试','oTgZpwRq9r_xvXj9Xu0VrnvXzJDQ','0.01',0,0,'2017-10-05 04:50:43','2017-10-05 04:50:43'),('150721513208834739','测试','测试','测试','oTgZpwRq9r_xvXj9Xu0VrnvXzJDQ','0.01',0,0,'2017-10-05 04:51:34','2017-10-05 04:51:34'),('150721640104099345','张三','158011131139','北京大学西门','123','0.02',0,0,'2017-10-05 05:14:29','2017-10-05 05:14:29'),('150804734859966401','jjkkl','我看看咯','jll','oTgZpwRq9r_xvXj9Xu0VrnvXzJDQ','0.02',0,1,'2017-10-15 14:02:27','2017-10-15 14:02:37'),('150804770451062240','得到','阿拉','太可怜了','oTgZpwRq9r_xvXj9Xu0VrnvXzJDQ','0.01',0,0,'2017-10-15 14:08:23','2017-10-15 14:08:23');

/*Table structure for table `product_category` */

DROP TABLE IF EXISTS `product_category`;

CREATE TABLE `product_category` (
  `category_id` int(11) NOT NULL AUTO_INCREMENT,
  `category_name` varchar(64) NOT NULL,
  `category_type` int(11) NOT NULL,
  `create_time` timestamp NOT NULL DEFAULT CURRENT_TIMESTAMP,
  `update_time` timestamp NOT NULL DEFAULT CURRENT_TIMESTAMP ON UPDATE CURRENT_TIMESTAMP,
  PRIMARY KEY (`category_id`),
  UNIQUE KEY `uqe_category_type` (`category_type`)
) ENGINE=InnoDB AUTO_INCREMENT=6 DEFAULT CHARSET=utf8mb4;

/*Data for the table `product_category` */

insert  into `product_category`(`category_id`,`category_name`,`category_type`,`create_time`,`update_time`) values (1,'热销榜',10,'2017-09-15 12:42:46','2017-10-03 13:12:54'),(2,'男生最爱',3,'2017-09-15 12:47:25','2017-09-15 12:48:59'),(4,'男生专享',5,'2017-09-15 15:05:25','2017-09-15 15:05:25'),(5,'女生最爱',100,'2017-10-03 13:13:34','2017-10-03 13:13:34');

/*Table structure for table `product_info` */

DROP TABLE IF EXISTS `product_info`;

CREATE TABLE `product_info` (
  `product_id` varchar(32) NOT NULL,
  `product_name` varchar(64) NOT NULL,
  `product_price` decimal(8,2) NOT NULL,
  `product_stock` int(11) NOT NULL,
  `product_description` varchar(64) DEFAULT NULL,
  `product_icon` varchar(512) DEFAULT NULL,
  `category_type` int(11) NOT NULL,
  `create_time` timestamp NOT NULL DEFAULT CURRENT_TIMESTAMP,
  `update_time` timestamp NOT NULL DEFAULT CURRENT_TIMESTAMP ON UPDATE CURRENT_TIMESTAMP,
  `product_status` int(11) DEFAULT NULL,
  PRIMARY KEY (`product_id`)
) ENGINE=InnoDB DEFAULT CHARSET=utf8mb4 COMMENT='商品表';

/*Data for the table `product_info` */

insert  into `product_info`(`product_id`,`product_name`,`product_price`,`product_stock`,`product_description`,`product_icon`,`category_type`,`create_time`,`update_time`,`product_status`) values ('123456','皮蛋粥','0.02',79,'阳澄湖大闸蟹 ','https://ss0.bdstatic.com/94oJfD_bAAcT8t7mm9GUKT-xh_/timg?image&quality=100&size=b4000_4000&sec=1506851549&di=b9171fbc22da43f843b4c3168110acff&src=http://img1.qunarzz.com/travel/d4/1509/f1/22710e549b52b.png',3,'2017-10-03 11:01:08','2017-10-15 14:02:27',0),('123457','皮皮虾','0.01',101,'不错很好吃','https://timgsa.baidu.com/timg?image&quality=80&size=b9999_10000&sec=1506861630727&di=fadf06270551e5560eb46faa0c2912cd&imgtype=0&src=http%3A%2F%2Fpic2.ooopic.com%2F10%2F58%2F02%2F42b1OOOPIC20.jpg',5,'2017-09-15 17:15:11','2017-10-15 14:08:23',0),('150704322847953943','八宝粥','0.02',100,'河南八宝粥，买一送一','https://timgsa.baidu.com/timg?image&quality=80&size=b9999_10000&sec=1507647366&di=1a7df87911b6e22ca6c13d441aae2fe7&imgtype=jpg&er=1&src=http%3A%2F%2Fimg1.cache.netease.com%2Fcatchpic%2F7%2F74%2F74FB4E63A42A0771C994B3A9E330CA62.jpg',5,'2017-10-03 11:21:12','2017-10-03 11:21:12',0);

/*Table structure for table `seller_info` */

DROP TABLE IF EXISTS `seller_info`;

CREATE TABLE `seller_info` (
  `seller_id` varchar(32) NOT NULL,
  `username` varchar(32) NOT NULL,
  `password` varchar(32) NOT NULL,
  `openid` varchar(64) NOT NULL COMMENT '微信openid',
  `create_time` timestamp NOT NULL DEFAULT CURRENT_TIMESTAMP,
  `update_time` timestamp NOT NULL DEFAULT CURRENT_TIMESTAMP ON UPDATE CURRENT_TIMESTAMP,
  PRIMARY KEY (`seller_id`)
) ENGINE=InnoDB DEFAULT CHARSET=utf8mb4 COMMENT='卖家信息表';

/*Data for the table `seller_info` */

insert  into `seller_info`(`seller_id`,`username`,`password`,`openid`,`create_time`,`update_time`) values ('150708734757453804','admin','admin','abc','2017-10-03 14:33:26','2017-10-03 14:33:26'),('ceshi','admin','测试','测试','2017-10-03 14:28:38','2017-10-03 14:28:38');

/*!40101 SET SQL_MODE=@OLD_SQL_MODE */;
/*!40014 SET FOREIGN_KEY_CHECKS=@OLD_FOREIGN_KEY_CHECKS */;
/*!40014 SET UNIQUE_CHECKS=@OLD_UNIQUE_CHECKS */;
/*!40111 SET SQL_NOTES=@OLD_SQL_NOTES */;
